{
    "employees": [
        {
            "name": "Alice",
            "age": 30,
            "department": "HR"
        },
        {
            "name": "Bob",
            "age": 25,
            "department": "Finance"
        },
        {
            "name": "Gobby",
            "age": 23,
            "department": "Management"
        },
        {
            "name": "Tara",
            "age": 45,
            "department": "Data Scientist"
        },
        {
            "name": "Sara",
            "age": 29,
            "department": "Finance"
        },
        {
            "name": "Ali",
            "age": 33,
            "department": "HR"
        },
        {
            "name": "Bobby",
            "age": 35,
            "department": "Economist"
        },
        {
            "name": "Fibi",
            "age": 33,
            "department": "Management"
        },
        {
            "name": "Clair",
            "age": 37,
            "department": "Data Scientist"
        },
        {
            "name": "Flor",
            "age": 29,
            "department": "HR"
        },
        {
            "name": "Charlie",
            "age": 25,
            "department": "IT"
        }
    ]
}