<employees><employee><name>Alice</name><age>30</age><department>HR</department></employee><employee><name>Bob</name><age>25</age><department>Finance</department></employee><employee><name>Gobby</name><age>23</age><department>Management</department></employee><employee><name>Tara</name><age>45</age><department>Data Scientist</department></employee><employee><name>Sara</name><age>29</age><department>Finance</department></employee><employee><name>Ali</name><age>33</age><department>HR</department></employee><employee><name>Bobby</name><age>35</age><department>Economist</department></employee><employee><name>Fibi</name><age>33</age><department>Management</department></employee><employee><name>Clair</name><age>37</age><department>Data Scientist</department></employee><employee><name>Flor</name><age>29</age><department>HR</department></employee><employee><name>Charlie</name><age>25</age><department>IT</department></employee></employees>